{
  "timestamp": "2026-01-17T14:21:27",
  "total_samples": 10000,
  "accuracy": 0.9968,
  "precision": 0.38095238095238093,
  "recall": 0.7272727272727273,
  "f1_score": 0.5,
  "roc_auc": 0.9668292971810711,
  "latency_per_req_ms": 0.1256989002227783
}