{
  "precision": 0.3463687150837989,
  "recall": 0.8378378378378378,
  "f1_score": 0.4901185770750988,
  "roc_auc": 0.9707262657987195,
  "average_precision": 0.7428364853572325
}